timestamp,temperature,vibration,pressure,flow_rate,power_consumption,efficiency
2026-06-22 16:51:24,39.65,1.94,2.24,142.28,45.55,90.67
2026-06-22 16:51:26,41.59,2.25,2.07,147.39,46.26,92.99
2026-06-22 16:51:28,41.95,1.96,1.97,144.53,42.8,90.72
2026-06-22 16:51:30,39.41,1.68,1.98,145.09,43.26,94.32
2026-06-22 16:51:32,46.15,2.01,1.98,154.89,44.52,90.43
2026-06-22 16:51:34,41.82,2.02,2.14,150.88,46.03,92.72
2026-06-22 16:51:36,42.13,1.41,2.06,142.95,43.97,92.69
2026-06-22 16:51:38,43.95,1.97,2.08,143.15,46.15,89.38
2026-06-22 16:51:40,43.74,1.89,2.18,146.21,43.27,92.98
2026-06-22 16:51:42,40.87,1.82,2.16,154.47,44.62,92.16
2026-06-22 16:51:45,41.99,1.44,2.04,152.33,44.45,89.54
2026-06-22 16:51:47,39.96,1.79,2.15,151.63,44.2,92.74
2026-06-22 16:51:49,43.84,2.57,2.07,155.45,43.35,93.09
2026-06-22 16:51:51,40.54,1.94,2.21,155.55,41.46,91.71
2026-06-22 16:51:53,45.02,1.93,1.85,151.12,41.8,92.51
2026-06-22 16:51:55,42.46,1.96,2.25,144.13,44.3,89.11
2026-06-22 16:51:57,40.03,1.85,2.0,156.55,45.85,93.75
2026-06-22 16:51:59,42.92,1.63,2.01,148.25,44.91,88.15
2026-06-22 16:52:01,45.14,1.63,2.14,143.78,46.29,92.34
2026-06-22 16:52:03,40.55,1.88,2.13,145.47,49.61,92.29
2026-06-22 16:52:05,40.54,2.14,2.11,155.57,45.42,91.49
2026-06-22 16:52:07,37.25,2.37,2.19,151.56,47.82,96.16
2026-06-22 16:52:09,40.95,2.29,2.01,149.27,42.36,92.5
2026-06-22 16:52:11,42.94,1.96,2.13,155.74,45.98,92.31
2026-06-22 16:52:13,41.44,1.79,2.28,151.72,45.24,93.3
2026-06-22 16:52:15,41.85,1.91,2.23,141.95,43.76,91.86
2026-06-22 16:52:17,42.1,2.1,2.13,149.58,42.06,93.0
2026-06-22 16:52:19,38.34,1.74,2.12,149.16,39.06,93.58
2026-06-22 16:52:21,38.89,2.39,2.14,157.37,50.2,91.24
2026-06-22 16:52:23,41.64,1.65,2.19,149.18,45.79,93.3
2026-06-22 16:52:25,42.64,1.97,2.18,151.83,45.88,92.15
2026-06-22 16:52:27,43.9,2.24,2.08,151.72,47.59,90.52
2026-06-22 16:52:29,37.42,2.08,2.09,148.32,44.05,91.82
2026-06-22 16:52:31,39.08,1.5,2.16,144.59,46.99,90.5
2026-06-22 16:52:33,40.17,2.0,2.1,145.32,42.44,92.99
2026-06-22 16:52:35,44.57,1.87,2.01,149.38,43.87,92.12
2026-06-22 16:52:37,44.61,1.82,2.09,147.32,46.1,90.97
2026-06-22 16:52:39,43.63,1.69,1.98,150.01,44.35,92.86
2026-06-22 16:52:41,43.49,2.45,2.13,154.13,47.67,89.6
2026-06-22 16:52:43,40.15,2.2,2.21,144.21,45.44,91.82
2026-06-22 16:52:45,39.44,2.16,2.01,156.07,42.76,92.67
2026-06-22 16:52:47,44.93,1.23,1.93,156.93,44.92,92.62
2026-06-22 16:52:50,40.32,2.09,2.04,150.19,46.23,89.73
2026-06-22 16:52:52,41.83,1.89,2.05,151.47,46.5,90.89
2026-06-22 16:52:54,36.97,1.74,2.27,150.88,44.34,90.39
2026-06-22 16:52:56,40.85,2.19,1.97,149.98,45.0,90.21
2026-06-22 16:52:58,39.75,2.16,2.11,151.34,42.23,92.55
2026-06-22 16:53:00,41.46,1.83,2.11,152.78,44.83,90.53
2026-06-22 16:53:02,43.11,2.13,2.15,140.66,43.9,92.32
2026-06-22 16:53:04,42.02,2.55,2.09,139.89,46.82,90.45
2026-06-22 16:53:06,39.17,2.13,2.16,139.56,48.68,93.14
2026-06-22 16:53:08,40.6,2.12,2.11,151.67,44.19,92.06
2026-06-22 16:53:10,39.75,1.89,2.31,149.55,46.09,91.52
2026-06-22 16:53:12,39.29,2.41,2.12,152.24,48.17,90.99
2026-06-22 16:53:14,41.76,2.26,2.01,144.69,46.74,92.92
2026-06-22 16:53:16,40.42,2.61,2.15,156.62,41.61,92.54
2026-06-22 16:53:18,45.24,2.19,1.98,151.63,49.01,91.74
2026-06-22 16:53:20,41.02,1.95,2.12,153.16,45.86,92.88
2026-06-22 16:53:22,40.76,1.57,2.13,147.56,42.36,95.12
2026-06-22 16:53:24,40.89,1.68,2.14,145.75,42.45,91.68
2026-06-22 16:53:26,45.09,2.43,2.02,147.84,45.5,91.4
2026-06-22 16:53:28,42.02,1.53,2.05,145.92,44.03,91.46
2026-06-22 16:53:30,43.14,2.4,2.09,150.9,44.15,91.92
2026-06-22 16:53:32,40.98,1.71,2.1,154.51,47.93,93.54
2026-06-22 16:53:34,40.05,1.94,2.06,147.48,43.19,92.33
2026-06-22 16:53:36,40.47,1.73,2.02,149.42,45.2,92.65
2026-06-22 16:53:38,42.12,1.83,2.28,147.56,43.56,92.1
2026-06-22 16:53:40,41.59,1.97,2.14,148.41,43.78,95.4
2026-06-22 16:53:42,42.24,1.87,2.09,152.57,45.55,92.19
2026-06-22 16:53:44,47.19,1.95,2.19,145.09,44.29,89.98
2026-06-22 16:53:46,43.01,2.07,2.2,145.76,44.05,92.91
2026-06-22 16:53:48,43.04,2.27,2.17,150.57,42.42,90.47
2026-06-22 16:53:50,40.41,1.85,2.01,140.45,44.24,90.57
2026-06-22 16:53:52,44.7,2.06,2.08,160.15,46.11,92.45
2026-06-22 16:53:54,41.42,2.15,2.14,149.1,43.3,92.29
2026-06-22 16:53:56,42.11,2.39,2.09,146.99,44.73,92.76
2026-06-22 16:53:59,38.99,2.05,2.18,152.17,43.0,90.75
2026-06-22 16:54:01,42.01,2.21,2.14,156.26,46.05,92.37
2026-06-22 16:54:03,42.39,1.73,2.28,153.38,44.51,92.17
2026-06-22 16:54:05,41.27,1.72,2.24,154.74,48.23,92.03
2026-06-22 16:54:07,39.0,1.95,2.21,145.29,43.92,91.18
2026-06-22 16:54:09,43.97,1.96,1.98,146.06,44.51,89.53
2026-06-22 16:54:11,42.42,1.91,2.4,148.3,41.45,93.53
2026-06-22 16:54:13,37.52,2.07,2.21,144.27,45.65,91.84
2026-06-22 16:54:15,42.34,1.81,2.17,159.68,45.63,94.29
2026-06-22 16:54:17,42.09,2.05,2.07,147.36,48.64,92.7
2026-06-22 16:54:19,44.02,2.16,2.13,151.06,44.26,91.74
2026-06-22 16:54:21,42.71,1.92,2.22,143.86,46.52,91.48
2026-06-22 16:54:23,45.22,1.98,2.09,151.79,42.9,90.51
2026-06-22 16:54:25,40.76,2.19,2.2,150.61,46.12,92.18
2026-06-22 16:54:27,39.0,2.43,1.89,158.06,46.17,92.99
2026-06-22 16:54:29,42.62,1.97,2.08,147.76,42.98,94.88
2026-06-22 16:54:31,45.16,1.86,2.19,150.73,42.14,88.95
2026-06-22 16:54:33,40.79,2.39,2.19,145.24,44.25,94.62
2026-06-22 16:54:35,44.01,1.89,2.36,158.27,44.44,91.8
2026-06-22 16:54:37,43.92,1.64,2.04,144.82,48.3,90.44
2026-06-22 16:54:39,46.87,2.37,2.2,141.21,45.97,92.58
2026-06-22 16:54:41,42.08,1.7,1.97,147.84,45.57,91.07
2026-06-22 16:54:43,42.4,2.0,2.17,155.52,44.06,90.99
2026-06-22 16:54:45,39.94,2.29,2.08,151.45,45.5,92.51
2026-06-22 16:54:47,40.71,1.98,2.03,151.17,46.03,93.02
2026-06-22 16:54:49,42.49,2.31,2.09,152.97,42.54,92.48
2026-06-22 16:54:51,42.06,2.29,2.07,149.12,46.95,90.93
2026-06-22 16:54:53,43.41,2.08,2.11,152.63,45.8,89.9
2026-06-22 16:54:55,43.31,2.0,2.13,149.23,45.55,92.8
2026-06-22 16:54:57,41.79,2.15,2.07,156.34,44.27,88.38
2026-06-22 16:54:59,44.4,1.58,1.99,153.89,47.63,90.92
2026-06-22 16:55:01,43.43,1.94,2.02,144.61,43.37,92.77
2026-06-22 16:55:03,42.84,2.35,2.12,155.96,42.95,90.17
2026-06-22 16:55:05,42.21,2.01,2.03,144.22,45.83,93.76
2026-06-22 16:55:07,43.51,2.11,2.07,146.51,47.41,91.33
2026-06-22 16:55:09,41.58,1.83,2.15,142.47,46.66,95.35
2026-06-22 16:55:12,41.54,2.03,1.92,151.01,46.96,90.19
2026-06-22 16:55:14,39.8,1.73,2.07,150.79,47.41,93.38
2026-06-22 16:55:16,43.77,1.71,2.19,157.87,46.05,90.83
2026-06-22 16:55:18,41.92,2.17,2.01,148.83,47.2,90.87
2026-06-22 16:55:20,44.28,1.9,1.99,151.41,42.32,90.4
2026-06-22 16:55:22,43.86,1.8,2.03,140.7,44.92,95.28
2026-06-22 16:55:24,41.64,1.96,2.13,155.72,43.7,92.42
2026-06-22 16:55:26,41.53,1.77,2.03,139.62,45.74,91.4
2026-06-22 16:55:28,42.74,1.77,2.07,149.79,43.97,91.84
2026-06-22 16:55:30,41.29,1.96,2.1,147.47,46.0,93.38
2026-06-22 16:55:32,42.86,2.37,2.1,145.57,45.29,93.98
2026-06-22 16:55:34,42.13,2.1,2.13,148.45,43.71,93.72
2026-06-22 16:55:36,42.78,2.01,2.12,153.25,44.01,87.76
2026-06-22 16:55:38,42.1,1.99,2.13,152.59,48.93,92.63
2026-06-22 16:55:40,43.25,1.52,2.0,143.41,45.86,92.45
2026-06-22 16:55:42,40.41,1.69,2.07,152.91,46.68,92.74
2026-06-22 16:55:44,43.86,1.7,2.11,152.2,49.02,90.27
2026-06-22 16:55:46,43.24,2.06,2.22,150.31,44.91,94.65
2026-06-22 16:55:48,43.41,2.07,2.15,144.5,42.51,91.22
2026-06-22 16:55:50,43.36,2.31,2.12,145.05,44.97,94.7
2026-06-22 16:55:52,40.32,1.94,2.04,147.66,47.54,90.48
2026-06-22 16:55:54,43.96,2.48,2.1,148.02,45.34,89.23
2026-06-22 16:55:56,43.85,2.17,1.95,141.04,44.73,92.39
2026-06-22 16:55:58,41.52,2.29,1.98,156.3,45.64,91.61
2026-06-22 16:56:00,40.29,2.1,2.03,160.24,42.15,91.29
2026-06-22 16:56:02,44.29,2.34,1.96,158.26,42.19,92.48
2026-06-22 16:56:04,39.63,2.35,2.2,146.63,46.6,91.89
2026-06-22 16:56:06,39.48,2.35,1.96,150.48,48.59,91.96
2026-06-22 16:56:08,41.51,1.44,2.32,154.87,43.04,90.1
2026-06-22 16:56:10,41.21,2.22,2.13,145.24,46.94,92.1
2026-06-22 16:56:12,43.76,1.87,2.14,153.19,46.63,91.61
2026-06-22 16:56:14,39.88,2.05,2.12,142.09,47.04,92.78
2026-06-22 16:56:16,40.22,1.59,2.21,142.42,45.19,93.88
2026-06-22 16:56:18,42.62,1.99,2.15,150.64,42.48,91.74
2026-06-22 16:56:20,39.71,2.44,2.09,146.31,44.52,91.34
2026-06-22 16:56:22,42.43,2.52,2.09,154.33,43.74,87.98
2026-06-22 16:56:25,41.46,1.77,2.01,152.37,43.34,93.34
2026-06-22 16:56:27,37.41,2.7,2.1,140.37,45.27,89.85
2026-06-22 16:56:29,42.75,2.11,1.96,149.0,42.66,94.82
2026-06-22 16:56:31,39.75,2.01,2.08,146.63,45.17,91.48
2026-06-22 16:56:33,41.76,1.91,2.17,157.7,44.84,91.33
2026-06-22 16:56:35,40.45,2.2,1.95,143.81,46.4,94.04
2026-06-22 16:56:37,41.52,1.47,2.02,141.96,47.5,93.36
2026-06-22 16:56:39,41.91,2.52,2.27,162.1,45.11,92.39
2026-06-22 16:56:41,44.92,1.61,2.05,146.28,46.43,90.14
2026-06-22 16:56:43,43.56,1.87,2.18,147.35,43.66,89.63
2026-06-22 16:56:45,43.91,1.85,1.98,148.39,43.26,90.38
2026-06-22 16:56:47,45.55,2.15,2.23,150.78,45.43,90.54
2026-06-22 16:56:49,44.43,2.11,2.07,156.5,46.36,92.21
2026-06-22 16:56:51,44.31,1.57,1.93,144.59,42.24,89.35
2026-06-22 16:56:53,44.23,2.09,2.12,156.66,44.07,92.73
2026-06-22 16:56:55,43.04,2.22,2.18,148.52,45.6,91.12
2026-06-22 16:56:57,42.01,2.07,2.06,144.01,44.27,92.59
2026-06-22 16:56:59,41.48,1.95,2.08,157.99,42.7,91.67
2026-06-22 16:57:01,42.61,2.09,2.16,151.66,42.02,92.03
2026-06-22 16:57:03,40.65,2.04,2.05,152.83,43.99,90.84
2026-06-22 16:57:05,45.32,2.12,2.06,147.36,43.48,89.7
2026-06-22 16:57:07,43.96,1.89,2.18,156.59,45.6,89.57
2026-06-22 16:57:09,40.24,2.16,2.0,148.33,45.24,94.33
2026-06-22 16:57:11,44.61,2.01,2.16,146.67,42.07,92.35
2026-06-22 16:57:13,40.42,1.5,2.22,146.45,43.94,93.89
2026-06-22 16:57:15,41.25,2.08,2.05,147.45,43.56,91.28
2026-06-22 16:57:17,43.24,1.98,2.1,147.63,45.31,89.91
2026-06-22 16:57:19,41.83,2.06,1.98,141.89,47.56,91.68
2026-06-22 16:57:21,43.76,1.74,2.06,142.58,44.08,90.93
2026-06-22 16:57:23,41.91,1.55,2.03,148.53,43.41,95.93
2026-06-22 16:57:25,42.62,1.35,2.16,155.88,42.27,90.61
2026-06-22 16:57:27,41.77,1.64,2.06,154.41,47.04,92.32
2026-06-22 16:57:29,40.72,2.23,1.96,150.63,46.57,90.53
2026-06-22 16:57:31,42.05,2.1,2.2,149.2,48.44,93.97
2026-06-22 16:57:33,42.92,1.82,2.29,145.56,45.54,95.22
2026-06-22 16:57:35,39.21,2.26,2.15,149.09,45.34,93.95
2026-06-22 16:57:37,40.66,1.93,2.23,145.4,45.54,93.85
2026-06-22 16:57:39,41.48,1.92,2.2,157.37,45.51,94.81
2026-06-22 16:57:41,40.68,1.81,2.12,144.58,39.82,94.82
2026-06-22 16:57:44,41.86,1.51,2.13,152.86,42.2,90.15
2026-06-22 16:57:46,41.25,2.15,2.29,145.95,42.7,92.34
2026-06-22 16:57:48,42.6,2.11,1.96,147.79,48.43,88.9
2026-06-22 16:57:50,42.54,2.33,2.06,147.78,47.45,91.27
2026-06-22 16:57:52,40.96,2.05,2.0,159.87,42.34,92.62
2026-06-22 16:57:54,39.33,2.18,1.95,140.78,45.28,89.9
2026-06-22 16:57:56,36.9,2.08,1.97,141.89,46.59,91.09
2026-06-22 16:57:58,43.01,1.87,2.1,147.78,43.69,93.49
2026-06-22 16:58:00,39.43,1.84,2.13,155.94,46.57,93.03
2026-06-22 16:58:02,46.47,1.79,1.96,138.44,44.57,93.5
2026-06-22 16:58:04,42.73,2.22,2.12,158.89,40.44,90.1
2026-06-22 16:58:06,42.58,1.82,2.04,163.14,42.29,91.18
2026-06-22 16:58:08,41.36,1.97,2.28,148.44,44.51,91.21
2026-06-22 16:58:10,43.02,2.43,2.12,151.62,46.11,91.17
2026-06-22 16:58:12,43.71,2.52,2.26,143.66,45.5,90.43
2026-06-22 16:58:14,45.78,1.96,1.98,154.42,42.6,88.6
2026-06-22 16:58:16,41.77,2.23,1.94,149.87,42.46,90.7
2026-06-22 16:58:18,40.71,2.23,1.88,150.24,45.59,93.23
2026-06-22 16:58:20,41.94,2.19,2.0,136.17,44.13,94.86
2026-06-22 16:58:22,40.77,2.1,2.21,151.91,44.63,91.17
2026-06-22 16:58:24,39.24,2.17,2.07,155.37,45.66,88.91
2026-06-22 16:58:26,43.28,2.0,2.07,151.33,45.06,91.37
2026-06-22 16:58:28,38.98,2.05,2.16,154.62,46.01,93.18
2026-06-22 16:58:30,44.75,1.89,2.01,145.24,44.37,91.3
2026-06-22 16:58:32,44.33,2.59,1.9,152.01,45.57,91.64
2026-06-22 16:58:34,38.89,2.16,2.28,153.17,48.33,92.87
2026-06-22 16:58:36,43.2,1.99,2.17,153.01,45.04,92.83
2026-06-22 16:58:38,41.02,2.12,2.22,152.19,46.78,94.41
2026-06-22 16:58:40,41.14,1.98,2.16,151.81,43.91,92.24
2026-06-22 16:58:42,40.74,1.55,2.0,149.68,48.89,91.76
2026-06-22 16:58:44,45.22,2.07,2.2,144.27,45.17,90.31
2026-06-22 16:58:46,44.57,2.18,1.99,161.73,49.89,90.44
2026-06-22 16:58:48,43.59,2.14,2.2,154.88,46.97,92.04
2026-06-22 16:58:50,43.25,2.04,1.93,147.88,45.8,92.38
2026-06-22 16:58:52,44.28,2.06,2.12,148.58,43.32,90.36
2026-06-22 16:58:55,41.9,2.08,2.2,158.3,42.16,92.6
2026-06-22 16:58:57,41.8,1.52,1.95,152.31,46.22,90.69
2026-06-22 16:58:59,43.78,1.99,2.22,149.09,44.7,90.06
2026-06-22 16:59:01,43.81,1.68,2.03,151.95,47.84,90.75
2026-06-22 16:59:03,39.77,1.77,2.1,147.35,45.24,88.44
2026-06-22 16:59:05,48.39,2.44,2.16,152.67,44.89,91.59
2026-06-22 16:59:07,42.81,2.02,2.16,149.81,43.07,94.42
2026-06-22 16:59:09,40.53,1.72,2.16,153.24,40.23,92.01
2026-06-22 16:59:11,39.23,2.67,1.9,138.71,42.3,91.67
2026-06-22 16:59:13,38.76,2.27,2.13,143.82,46.73,93.03
2026-06-22 16:59:15,40.73,1.96,2.06,154.09,43.21,91.96
2026-06-22 16:59:17,43.76,2.08,1.89,141.12,42.55,90.21
2026-06-22 16:59:19,42.33,1.94,2.2,148.3,47.4,94.22
2026-06-22 16:59:21,40.13,2.2,2.01,152.18,46.52,91.92
2026-06-22 16:59:23,43.05,2.07,2.06,151.1,46.67,89.31
2026-06-22 16:59:25,43.78,1.6,2.33,142.4,44.71,89.01
2026-06-22 16:59:27,44.74,1.55,2.04,148.41,43.32,91.17
2026-06-22 16:59:29,43.6,2.07,2.26,149.55,47.99,93.13
2026-06-22 16:59:31,43.37,1.91,2.05,156.7,43.71,91.72
2026-06-22 16:59:33,40.62,2.11,2.15,153.46,48.03,88.99
2026-06-22 16:59:35,42.94,1.48,2.04,146.1,44.58,91.2
2026-06-22 16:59:37,40.36,1.62,1.99,151.81,40.67,94.63
2026-06-22 16:59:39,43.25,2.09,2.12,154.38,41.98,92.61
2026-06-22 16:59:41,39.32,2.27,2.15,153.59,45.62,94.13
2026-06-22 16:59:43,40.52,1.49,2.27,148.78,44.12,91.52
2026-06-22 16:59:45,43.03,2.16,2.2,148.23,44.34,90.74
2026-06-22 16:59:47,42.9,2.13,2.13,147.35,44.66,94.09
2026-06-22 16:59:49,42.05,2.21,2.08,148.21,46.11,92.79
2026-06-22 16:59:51,39.19,2.25,1.99,147.25,45.62,91.03
2026-06-22 16:59:53,41.98,2.34,2.17,148.35,43.17,92.4
2026-06-22 16:59:55,42.95,1.72,2.11,157.94,49.01,93.31
2026-06-22 16:59:57,40.76,2.55,1.99,145.42,45.69,91.44
2026-06-22 16:59:59,43.01,2.09,2.15,148.62,45.75,91.08
2026-06-22 17:00:01,41.55,1.97,2.1,152.95,47.3,89.91
2026-06-22 17:00:04,43.4,2.64,2.15,144.74,46.16,92.71
2026-06-22 17:00:06,40.45,2.41,2.26,153.14,46.95,90.26
2026-06-22 17:00:08,39.55,2.36,2.08,147.72,45.32,91.68
2026-06-22 17:00:10,40.52,1.92,2.07,144.79,44.54,92.2
2026-06-22 17:00:12,41.84,2.13,1.88,155.18,44.72,95.51
2026-06-22 17:00:14,45.68,1.57,2.1,155.78,44.19,93.2
2026-06-22 17:00:16,42.81,1.94,2.13,149.03,44.19,90.59
2026-06-22 17:00:18,39.52,2.13,2.12,149.4,43.39,91.69
2026-06-22 17:00:20,39.61,1.78,2.05,151.71,45.46,90.91
2026-06-22 17:00:22,40.31,1.85,2.0,152.61,42.06,90.97
2026-06-22 17:00:24,42.15,2.04,2.13,144.17,44.25,93.6
2026-06-22 17:00:26,41.47,1.4,1.99,158.26,44.78,93.25
2026-06-22 17:00:28,41.12,2.08,2.07,158.72,47.62,91.39
2026-06-22 17:00:30,44.01,2.5,1.97,145.87,43.72,90.69
2026-06-22 17:00:32,42.93,1.92,2.16,145.53,46.59,91.04
2026-06-22 17:00:34,41.18,2.17,2.03,150.59,43.26,93.5
2026-06-22 17:00:36,42.97,2.13,2.17,142.7,41.26,94.5
2026-06-22 17:00:38,42.63,1.94,2.01,146.06,45.82,92.08
2026-06-22 17:00:40,39.14,1.85,2.12,154.05,46.7,89.07
2026-06-22 17:00:42,44.18,1.76,1.93,152.89,44.33,91.67
2026-06-22 17:00:44,42.82,2.21,2.09,151.38,48.72,90.99
2026-06-22 17:00:46,45.78,1.81,1.97,154.53,45.62,92.35
2026-06-22 17:00:48,39.84,2.36,2.02,145.27,43.93,94.16
2026-06-22 17:00:50,43.04,2.29,1.92,152.19,44.71,89.29
2026-06-22 17:00:52,40.76,1.96,2.28,148.01,36.61,91.96
2026-06-22 17:00:54,40.96,2.22,2.11,148.26,43.45,92.1
2026-06-22 17:00:56,42.86,1.7,2.09,150.24,44.7,91.61
2026-06-22 17:00:58,41.59,1.91,2.0,158.13,46.65,92.35
2026-06-22 17:01:00,42.72,1.79,2.07,149.6,47.14,92.92
2026-06-22 17:01:02,43.21,1.81,2.14,147.32,42.77,92.98
2026-06-22 17:01:04,42.09,2.14,2.11,150.77,47.68,94.49
2026-06-22 17:01:06,43.71,1.62,2.02,152.78,44.49,89.8
2026-06-22 17:01:08,40.1,1.4,2.08,152.86,45.96,92.32
2026-06-22 17:01:10,38.2,1.94,1.96,148.35,44.64,90.76
2026-06-22 17:01:12,41.95,2.19,2.02,149.64,46.23,89.16
2026-06-22 17:01:14,42.49,2.54,2.06,147.88,45.47,94.28
2026-06-22 17:01:16,41.39,2.24,2.04,149.23,46.16,89.94
2026-06-22 17:01:18,41.31,2.01,2.01,154.44,43.59,91.12
2026-06-22 17:01:21,42.29,1.78,2.16,147.05,46.8,93.09
2026-06-22 17:01:23,42.21,1.47,2.15,144.79,46.79,92.45
2026-06-22 17:01:25,39.25,2.11,2.05,156.03,42.32,90.83
2026-06-22 17:01:27,41.08,1.98,1.92,162.44,46.08,91.87
2026-06-22 17:01:29,43.71,1.99,2.05,151.86,50.47,91.09
2026-06-22 17:01:31,38.36,2.64,2.22,155.5,46.98,92.61
2026-06-22 17:01:33,40.22,1.97,2.12,150.94,44.15,91.06
2026-06-22 17:01:35,42.37,1.86,2.23,147.66,43.95,92.54
2026-06-22 17:01:37,40.19,2.25,2.15,148.35,46.86,92.09
2026-06-22 17:01:39,41.25,2.0,2.18,145.2,44.16,90.9
2026-06-22 17:01:41,44.92,2.07,2.31,145.14,44.25,92.42
2026-06-22 17:01:43,40.52,2.29,2.1,150.32,45.21,88.64
2026-06-22 17:01:45,40.49,2.03,2.1,150.88,43.65,91.62
2026-06-22 17:01:47,41.28,1.85,2.11,155.03,42.68,91.45
2026-06-22 17:01:49,45.1,2.07,1.99,144.59,44.03,91.34
2026-06-22 17:01:51,40.82,2.02,2.11,149.69,44.31,93.48
2026-06-22 17:01:53,43.83,2.05,1.98,149.97,44.86,92.46
2026-06-22 17:01:55,40.42,2.11,2.12,143.9,46.04,92.02
2026-06-22 17:01:57,39.9,2.38,2.0,155.99,44.53,89.33
2026-06-22 17:01:59,38.37,2.01,2.13,149.6,45.92,92.28
2026-06-22 17:02:01,45.18,2.12,2.29,156.66,45.76,91.34
2026-06-22 17:02:03,43.88,1.86,2.02,154.5,44.0,91.97
2026-06-22 17:02:05,40.57,1.8,1.92,154.7,47.36,90.65
2026-06-22 17:02:07,40.34,2.22,2.2,148.86,42.69,94.7
2026-06-22 17:02:09,40.22,1.83,2.1,152.05,42.23,91.23
2026-06-22 17:02:11,42.69,1.8,2.12,147.09,40.92,93.62
2026-06-22 17:02:13,42.05,2.06,1.96,150.36,42.57,88.62
2026-06-22 17:02:15,40.39,2.42,2.12,156.94,45.1,93.36
2026-06-22 17:02:17,42.94,2.11,2.05,144.5,44.6,93.58
2026-06-22 17:02:19,40.44,1.97,2.38,151.4,41.56,93.37
2026-06-22 17:02:21,43.03,1.94,2.02,152.79,42.96,94.66
2026-06-22 17:02:23,42.47,2.46,2.07,136.98,45.49,92.48
2026-06-22 17:02:25,43.79,2.05,1.89,151.32,43.38,91.12
2026-06-22 17:02:27,41.5,2.02,2.29,148.2,45.34,91.35
2026-06-22 17:02:29,38.42,2.05,2.2,145.33,46.34,89.89
2026-06-22 17:02:31,39.36,2.09,2.16,153.83,45.08,92.5
2026-06-22 17:02:34,40.62,2.11,1.94,150.7,47.46,92.34
2026-06-22 17:02:36,40.19,1.77,2.03,150.91,47.5,92.46
2026-06-22 17:02:38,42.84,2.22,2.0,144.74,45.33,91.25
2026-06-22 17:02:40,38.72,2.06,2.11,148.3,44.69,91.75
2026-06-22 17:02:42,41.09,1.66,1.98,146.29,42.75,91.68
2026-06-22 17:02:44,38.2,2.16,2.28,153.49,48.18,91.32
2026-06-22 17:02:46,39.95,2.19,2.13,154.09,43.59,92.39
2026-06-22 17:02:48,39.4,1.9,2.12,148.28,45.31,90.3
2026-06-22 17:02:50,42.29,1.58,1.95,150.96,46.33,90.75
2026-06-22 17:02:52,40.42,1.47,2.29,147.48,43.3,93.99
2026-06-22 17:02:54,43.33,2.02,2.03,150.55,48.19,92.87
2026-06-22 17:02:56,38.93,1.72,2.11,147.55,42.39,90.3
2026-06-22 17:02:58,44.62,1.64,2.11,148.95,43.98,92.59
2026-06-22 17:03:00,44.52,2.41,2.12,147.68,48.41,92.5
2026-06-22 17:03:02,41.33,2.49,2.16,150.15,44.55,94.47
2026-06-22 17:03:04,43.77,1.88,2.06,142.79,44.38,90.92
2026-06-22 17:03:06,41.84,2.12,2.14,147.16,45.43,92.72
2026-06-22 17:03:08,41.49,1.97,2.15,144.76,45.73,91.13
2026-06-22 17:03:10,42.62,2.68,2.03,148.18,47.76,90.9
2026-06-22 17:03:12,45.81,1.49,2.21,147.11,45.68,93.03
2026-06-22 17:03:14,42.38,1.99,2.17,150.81,43.29,93.91
2026-06-22 17:03:16,45.24,1.54,2.21,151.8,45.02,91.54
2026-06-22 17:03:18,41.51,1.9,2.02,138.33,44.68,92.77
2026-06-22 17:03:20,40.41,1.97,2.24,147.61,42.41,94.37
2026-06-22 17:03:22,40.89,2.06,2.25,149.53,41.31,95.21
2026-06-22 17:03:24,42.25,2.23,2.27,145.84,44.05,90.74
2026-06-22 17:03:26,43.24,2.57,2.02,149.52,47.96,91.86
2026-06-22 17:03:28,41.27,2.48,2.06,149.58,45.25,90.71
2026-06-22 17:03:30,36.3,2.45,2.11,153.19,46.91,93.18
2026-06-22 17:03:32,45.53,2.17,2.11,149.67,43.2,92.44
2026-06-22 17:03:34,37.81,1.86,2.0,153.1,46.5,90.95
2026-06-22 17:03:36,41.97,2.1,2.13,152.17,42.21,90.96
2026-06-22 17:03:38,38.87,2.05,2.13,160.98,43.86,91.74
2026-06-22 17:03:40,43.03,1.89,2.11,136.81,45.11,93.09
2026-06-22 17:03:43,44.87,1.82,2.18,146.78,45.41,91.84
2026-06-22 17:03:45,43.35,2.12,1.91,148.46,43.49,89.9
2026-06-22 17:03:47,39.08,2.5,2.14,144.58,42.28,90.8
2026-06-22 17:03:49,41.68,2.12,2.07,162.4,46.2,91.49
2026-06-22 17:03:51,46.48,1.78,2.26,148.96,44.81,94.26
2026-06-22 17:03:53,42.15,1.84,2.05,160.04,48.06,88.35
2026-06-22 17:03:55,38.8,1.82,2.1,140.02,42.08,91.68
2026-06-22 17:03:57,40.78,2.1,1.96,152.71,48.16,92.49
2026-06-22 17:03:59,41.23,1.63,2.21,139.87,44.06,91.99
2026-06-22 17:04:01,43.37,2.21,2.1,143.75,49.83,91.96
2026-06-22 17:04:03,42.09,2.07,2.05,149.97,47.82,94.07
2026-06-22 17:04:05,39.67,1.52,2.21,147.97,46.38,90.95
2026-06-22 17:04:07,42.26,2.02,2.26,149.24,44.66,92.46
2026-06-22 17:04:09,43.34,1.92,2.23,152.11,43.82,91.56
2026-06-22 17:04:11,40.79,1.69,2.03,159.74,45.3,89.1
2026-06-22 17:04:13,40.88,2.54,2.19,144.48,42.77,92.36
2026-06-22 17:04:15,41.02,2.06,2.23,158.07,44.2,93.9
2026-06-22 17:04:17,41.28,1.98,2.08,149.06,46.34,91.29
2026-06-22 17:04:19,41.2,1.98,2.13,149.64,44.93,92.44
2026-06-22 17:04:21,40.83,1.95,2.1,149.55,48.77,90.24
2026-06-22 17:04:23,44.26,1.91,2.2,145.82,42.94,90.44
2026-06-22 17:04:25,40.97,1.91,1.93,142.81,45.61,92.25
2026-06-22 17:04:27,42.53,2.18,1.99,145.98,44.49,91.16
2026-06-22 17:04:29,43.78,1.85,2.1,150.66,44.0,92.39
2026-06-22 17:04:31,40.04,2.03,2.17,149.54,44.63,91.86
2026-06-22 17:04:33,45.01,2.53,2.21,148.14,43.08,92.73
2026-06-22 17:04:35,44.27,2.06,1.83,152.9,44.42,91.26
2026-06-22 17:04:37,39.09,1.84,2.01,143.04,44.63,88.4
2026-06-22 17:04:39,42.92,2.54,2.1,149.35,44.51,90.88
2026-06-22 17:04:41,43.18,1.58,2.17,135.8,43.72,91.15
2026-06-22 17:04:43,42.42,2.01,1.85,142.63,45.59,89.37
2026-06-22 17:04:45,43.45,2.06,2.18,146.76,43.64,91.9
2026-06-22 17:04:47,42.68,1.83,2.13,153.32,44.36,90.26
2026-06-22 17:04:49,45.47,2.18,2.02,145.03,42.94,91.38
2026-06-22 17:04:51,42.18,2.27,2.27,141.17,45.76,93.54
2026-06-22 17:04:53,36.99,2.07,2.14,144.9,44.37,93.09
2026-06-22 17:04:55,44.43,2.0,1.93,152.11,42.91,91.64
2026-06-22 17:04:57,45.3,2.0,2.1,155.8,43.08,91.02
2026-06-22 17:05:00,42.7,2.02,2.12,146.77,46.25,91.06
2026-06-22 17:05:02,39.73,2.52,2.25,140.02,44.25,91.9
2026-06-22 17:05:04,36.46,2.01,2.27,143.08,44.85,92.23
2026-06-22 17:05:06,41.9,2.24,2.04,145.84,45.61,91.68
2026-06-22 17:05:08,40.1,1.93,2.21,150.37,45.99,89.6
2026-06-22 17:05:10,41.33,1.91,2.11,146.66,43.68,90.14
2026-06-22 17:05:12,41.54,1.4,2.0,142.38,45.33,91.58
2026-06-22 17:05:14,41.94,1.78,2.11,143.93,50.37,93.96
2026-06-22 17:05:16,42.65,1.74,2.06,159.35,45.88,91.35
2026-06-22 17:05:18,39.86,2.33,2.12,146.53,48.46,94.14
2026-06-22 17:05:20,43.12,2.44,1.81,149.17,43.23,91.56
2026-06-22 17:05:22,41.67,1.83,2.01,154.67,45.32,93.65
2026-06-22 17:05:24,41.1,2.3,2.09,143.23,43.49,92.16
2026-06-22 17:05:26,45.23,2.35,2.13,151.02,44.57,92.59
2026-06-22 17:05:28,42.15,1.73,2.13,160.23,44.22,92.16
2026-06-22 17:05:30,39.47,1.7,2.23,150.21,49.33,91.91
2026-06-22 17:05:32,42.96,2.75,2.04,140.48,43.69,90.33
2026-06-22 17:05:34,39.66,1.57,2.22,143.37,46.55,93.36
2026-06-22 17:05:36,43.43,2.52,2.07,147.41,43.64,91.16
2026-06-22 17:05:38,38.74,2.54,2.16,148.04,43.61,92.66
2026-06-22 17:05:40,40.39,1.59,2.04,154.51,44.04,89.66
2026-06-22 17:05:42,41.75,1.96,2.09,157.61,43.74,91.03
2026-06-22 17:05:44,43.14,1.88,2.3,151.66,46.36,90.72
2026-06-22 17:05:46,42.95,1.91,2.08,148.79,46.27,91.33
2026-06-22 17:05:48,44.34,1.82,2.24,152.2,48.53,92.45
2026-06-22 17:05:50,43.09,1.47,2.0,153.07,45.35,90.77
2026-06-22 17:05:52,44.32,2.55,2.02,155.87,42.69,95.32
2026-06-22 17:05:54,39.84,1.9,2.15,146.58,44.97,92.99
2026-06-22 17:05:56,42.98,2.09,2.03,151.64,46.08,92.09
2026-06-22 17:05:58,37.85,1.59,2.11,148.81,43.48,93.61
2026-06-22 17:06:00,43.74,2.52,2.01,152.37,41.05,91.87
2026-06-22 17:06:02,40.55,2.23,2.03,156.73,44.93,92.6
2026-06-22 17:06:04,39.49,1.63,2.12,155.02,45.3,93.13
2026-06-22 17:06:06,42.44,2.06,2.07,158.41,47.63,90.7
2026-06-22 17:06:08,40.34,1.32,2.03,152.5,43.45,92.47
2026-06-22 17:06:10,37.55,1.92,2.15,148.72,47.71,91.87
2026-06-22 17:06:12,39.75,2.31,2.19,143.74,46.78,92.1
2026-06-22 17:06:14,40.91,1.81,2.02,148.53,45.12,92.81
2026-06-22 17:06:17,40.39,2.44,2.12,151.93,45.07,93.96
2026-06-22 17:06:19,39.64,2.04,2.11,153.37,43.87,91.98
2026-06-22 17:06:21,42.45,1.97,2.17,154.42,44.51,94.3
2026-06-22 17:06:23,41.86,2.03,2.12,155.24,45.99,91.57
2026-06-22 17:06:25,42.39,1.99,2.2,144.9,47.01,90.61
2026-06-22 17:06:27,40.33,2.34,2.2,156.73,46.45,91.37
2026-06-22 17:06:29,42.2,1.95,2.15,148.35,46.5,90.5
2026-06-22 17:06:31,44.35,2.08,2.16,150.4,46.34,93.18
2026-06-22 17:06:33,42.27,2.13,2.2,151.04,42.02,89.58
2026-06-22 17:06:35,45.65,2.45,2.04,149.92,47.35,93.05
2026-06-22 17:06:37,44.41,2.15,1.85,145.41,46.66,91.08
2026-06-22 17:06:39,40.9,1.93,2.0,152.65,41.84,93.53
2026-06-22 17:06:41,43.99,2.24,2.17,150.5,46.35,92.39
2026-06-22 17:06:43,43.09,1.97,2.14,145.91,44.67,91.07
2026-06-22 17:06:45,41.16,1.83,2.09,146.53,49.25,92.72
2026-06-22 17:06:47,39.75,2.5,2.19,142.79,41.79,94.1
2026-06-22 17:06:49,38.73,1.69,2.16,149.93,47.11,93.67
2026-06-22 17:06:51,41.87,1.91,2.24,144.59,47.6,92.3
2026-06-22 17:06:53,40.54,2.02,2.15,148.22,42.18,94.4
2026-06-22 17:06:55,43.41,1.91,2.19,145.95,46.22,91.32
2026-06-22 17:06:57,44.88,1.75,2.09,146.32,45.72,91.72
2026-06-22 17:06:59,43.29,1.64,2.11,151.78,48.48,93.4
2026-06-22 17:07:01,42.6,1.96,2.2,150.3,46.71,92.43
2026-06-22 17:07:03,41.4,1.98,2.16,145.4,47.63,88.89
2026-06-22 17:07:05,42.65,1.99,2.07,139.21,43.12,91.0
2026-06-22 17:07:07,44.41,1.81,2.15,146.51,42.89,92.65
2026-06-22 17:07:09,43.55,1.99,2.07,145.52,45.97,92.38
2026-06-22 17:07:11,42.3,2.4,2.25,152.28,45.42,90.15
2026-06-22 17:07:13,41.29,2.42,2.24,154.34,44.5,92.17
2026-06-22 17:07:15,43.8,2.29,2.1,150.49,45.88,93.64
2026-06-22 17:07:17,41.29,2.3,2.21,153.48,47.9,89.13
2026-06-22 17:07:19,37.29,1.65,2.1,147.45,43.23,92.12
2026-06-22 17:07:21,40.79,1.87,2.23,158.28,45.33,93.93
2026-06-22 17:07:23,41.16,1.99,2.06,142.99,47.54,90.46
2026-06-22 17:07:26,42.84,1.96,2.18,144.68,45.97,90.49
2026-06-22 17:07:28,43.78,1.39,2.2,152.02,43.02,91.95
2026-06-22 17:07:30,43.92,2.58,2.03,148.48,47.72,92.24
2026-06-22 17:07:32,40.98,2.45,2.14,151.68,43.73,90.59
2026-06-22 17:07:34,43.92,2.21,2.14,149.29,49.79,91.53
2026-06-22 17:07:36,43.87,2.1,2.31,148.45,46.85,89.78
2026-06-22 17:07:38,39.36,1.77,2.04,155.24,41.71,91.86
2026-06-22 17:07:40,41.93,2.22,2.05,145.73,43.57,93.87
2026-06-22 17:07:42,42.59,2.34,2.25,150.06,43.94,92.45
2026-06-22 17:07:44,41.02,2.32,2.0,151.17,47.66,91.8
2026-06-22 17:07:46,43.84,2.19,2.01,146.71,46.86,91.94
2026-06-22 17:07:48,44.32,2.05,2.11,155.56,42.95,92.85
2026-06-22 17:07:50,39.53,1.74,2.21,151.79,45.19,91.67
2026-06-22 17:07:52,37.64,2.17,2.05,153.42,44.81,93.04
2026-06-22 17:07:54,39.84,1.53,2.11,146.46,47.84,89.77
2026-06-22 17:07:56,42.07,1.43,2.19,152.87,43.53,94.46
2026-06-22 17:07:58,41.35,2.09,2.16,146.24,44.13,95.61
2026-06-22 17:08:00,45.1,2.07,1.91,159.75,47.47,92.69
2026-06-22 17:08:02,42.6,2.38,2.08,148.72,45.25,93.49
2026-06-22 17:08:04,44.32,2.01,2.04,148.16,44.68,89.55
2026-06-22 17:08:06,41.09,2.44,1.95,159.64,44.42,93.23
2026-06-22 17:08:08,40.55,1.86,2.09,154.45,41.98,92.25
2026-06-22 17:08:10,37.13,1.93,1.95,145.89,46.93,91.22
2026-06-22 17:08:12,40.45,1.59,1.88,154.83,47.53,89.75
2026-06-22 17:08:14,41.41,2.26,2.34,155.41,48.05,94.21
2026-06-22 17:08:16,43.36,1.66,2.11,152.51,44.47,93.97
2026-06-22 17:08:18,45.29,1.3,2.0,145.0,43.87,90.66
2026-06-22 17:08:20,42.82,2.42,2.13,145.85,43.82,93.52
2026-06-22 17:08:22,41.43,1.11,1.89,148.7,44.99,90.96
2026-06-22 17:08:24,39.62,2.24,2.01,149.54,47.04,90.59
2026-06-22 17:08:26,41.74,2.28,2.12,150.76,49.31,89.73
2026-06-22 17:08:28,44.77,2.08,1.98,152.44,43.89,91.71
2026-06-22 17:08:30,41.52,2.11,2.19,155.01,44.0,90.91
2026-06-22 17:08:33,41.67,2.41,2.23,153.42,44.27,92.97
2026-06-22 17:08:35,40.45,1.88,2.19,149.48,41.28,92.56
2026-06-22 17:08:37,41.53,1.88,2.07,147.65,42.93,93.78
2026-06-22 17:08:39,43.8,2.55,2.06,145.39,47.37,92.45
2026-06-22 17:08:41,39.23,1.16,2.22,149.25,40.26,94.84
2026-06-22 17:08:43,42.58,2.25,2.12,156.82,47.2,88.97
2026-06-22 17:08:45,38.88,1.38,2.03,147.05,44.07,90.04
2026-06-22 17:08:47,38.28,1.73,2.12,144.77,41.29,89.92
2026-06-22 17:08:49,43.46,1.94,2.1,151.52,46.39,91.91
2026-06-22 17:08:51,43.48,2.34,1.95,146.87,46.11,92.99
2026-06-22 17:08:53,42.33,2.16,2.21,161.89,44.26,93.56
2026-06-22 17:08:55,40.64,2.38,2.14,147.77,44.82,92.91
2026-06-22 17:08:57,40.96,2.36,1.96,145.3,42.28,94.01
2026-06-22 17:08:59,43.43,1.68,1.97,149.72,46.77,90.09
2026-06-22 17:09:01,39.53,2.36,2.13,148.2,42.81,91.52
2026-06-22 17:09:03,42.44,2.34,2.05,154.35,41.61,91.53
2026-06-22 17:09:05,42.7,2.25,2.15,150.68,48.99,93.62
2026-06-22 17:09:07,44.64,1.96,2.19,154.3,45.47,90.98
2026-06-22 17:09:09,41.83,2.24,2.06,152.96,46.14,92.97
2026-06-22 17:09:11,42.06,1.76,2.12,142.44,47.9,93.06
2026-06-22 17:09:13,38.1,2.03,2.11,152.67,40.65,92.52
2026-06-22 17:09:15,41.83,2.03,2.15,153.33,44.84,90.76
2026-06-22 17:09:17,43.49,2.18,2.07,151.81,45.47,92.11
2026-06-22 17:09:19,40.83,1.82,2.1,145.95,45.06,93.34
2026-06-22 17:09:21,47.45,1.69,2.13,152.39,43.55,89.99
2026-06-22 17:09:23,41.93,2.58,2.17,156.62,42.72,91.01
2026-06-22 17:09:25,43.45,2.3,2.04,138.77,44.51,92.59
2026-06-22 17:09:27,41.05,1.72,2.02,146.19,44.92,90.55
2026-06-22 17:09:29,43.21,2.49,2.21,154.35,45.33,91.81
2026-06-22 17:09:31,44.04,1.63,2.12,150.83,45.84,90.89
2026-06-22 17:09:33,40.06,2.15,2.15,154.62,46.6,93.12
2026-06-22 17:09:35,44.33,2.43,2.05,141.96,45.44,89.64
2026-06-22 17:09:37,42.51,1.81,1.98,159.45,45.2,93.26
2026-06-22 17:09:39,43.82,2.24,2.0,149.4,46.47,92.56
2026-06-22 17:09:41,39.18,2.21,1.99,159.91,46.39,92.23
2026-06-22 17:09:43,44.15,2.0,2.36,142.21,41.62,91.78
2026-06-22 17:09:46,40.84,1.54,2.09,162.09,41.92,91.74
2026-06-22 17:09:48,40.27,1.29,2.31,144.82,46.31,90.64
2026-06-22 17:09:50,41.09,1.83,1.92,154.31,46.53,90.36
2026-06-22 17:09:52,40.02,1.77,2.18,144.48,46.49,91.07
2026-06-22 17:09:54,42.9,2.18,2.18,156.16,41.85,92.88
2026-06-22 17:09:56,42.21,1.84,2.09,153.21,41.32,93.55
2026-06-22 17:09:58,40.88,2.28,2.07,145.84,45.51,93.92
2026-06-22 17:10:00,36.86,2.27,2.14,152.38,42.28,91.72
2026-06-22 17:10:02,40.85,2.78,2.06,150.86,44.92,91.35
2026-06-22 17:10:04,44.32,1.78,2.03,147.24,43.43,93.44
2026-06-22 17:10:06,42.44,1.77,2.26,153.69,44.29,90.35
2026-06-22 17:10:08,42.92,2.17,2.08,138.17,46.87,89.16
2026-06-22 17:10:10,37.96,2.21,2.19,150.07,43.41,91.95
2026-06-22 17:10:12,44.83,2.21,2.0,160.18,45.81,90.87
2026-06-22 17:10:14,44.28,1.64,2.09,148.03,43.92,91.21
2026-06-22 17:10:16,41.54,2.01,2.03,152.52,42.48,89.24
2026-06-22 17:10:18,45.17,2.03,2.05,147.99,40.93,90.53
2026-06-22 17:10:20,41.81,1.89,2.25,144.39,47.35,89.59
2026-06-22 17:10:22,38.34,1.9,2.3,146.44,44.31,93.55
2026-06-22 17:10:24,40.89,1.58,2.07,159.06,45.59,93.26
2026-06-22 17:10:26,40.23,1.97,2.11,152.52,41.88,92.45
2026-06-22 17:10:28,44.68,2.26,2.12,156.28,43.8,92.82
2026-06-22 17:10:30,41.51,1.87,1.95,150.55,45.73,92.01
2026-06-22 17:10:32,39.31,1.79,2.03,147.98,43.78,91.36
2026-06-22 17:10:34,45.19,2.52,1.94,143.05,48.6,89.7
2026-06-22 17:10:36,42.13,2.26,2.09,156.06,42.05,93.01
2026-06-22 17:10:38,42.36,2.17,2.11,146.01,46.05,90.46
2026-06-22 17:10:40,44.1,2.35,2.01,150.48,45.37,92.28
2026-06-22 17:10:42,41.62,1.81,2.15,146.98,45.34,93.22
2026-06-22 17:10:44,39.61,1.97,2.04,153.89,47.03,91.64
2026-06-22 17:10:46,44.86,2.19,2.09,152.44,49.16,93.18
2026-06-22 17:10:48,41.05,1.35,2.07,152.46,46.24,92.98
2026-06-22 17:10:50,42.12,1.46,2.16,159.2,45.88,91.61
2026-06-22 17:10:52,43.07,2.83,2.06,145.27,43.65,92.95
2026-06-22 17:10:54,42.77,2.14,2.02,156.62,48.66,93.48
2026-06-22 17:10:56,40.24,2.2,2.25,147.12,47.36,91.09
2026-06-22 17:10:58,39.05,2.56,2.07,150.83,42.29,90.96
2026-06-22 17:11:00,43.63,1.78,2.11,148.29,45.4,91.72
2026-06-22 17:11:03,41.9,1.5,1.98,138.31,45.05,91.73
2026-06-22 17:11:05,41.34,1.8,2.22,153.69,46.35,89.14
2026-06-22 17:11:07,40.86,1.28,1.95,149.43,45.03,92.6
2026-06-22 17:11:09,43.52,1.98,2.09,152.74,42.42,92.67
2026-06-22 17:11:11,41.18,2.21,2.27,147.3,40.53,93.19
2026-06-22 17:11:13,42.76,2.03,2.07,138.5,43.54,90.42
2026-06-22 17:11:15,44.82,2.07,2.25,150.13,43.73,90.97
2026-06-22 17:11:17,41.27,1.98,2.02,149.38,48.6,89.29
2026-06-22 17:11:19,45.41,2.53,2.17,152.7,48.28,91.91
2026-06-22 17:11:21,42.5,1.91,2.17,147.82,42.48,92.49
2026-06-22 17:11:23,42.36,2.62,2.14,148.64,45.88,91.73
2026-06-22 17:11:25,41.46,1.47,2.19,148.43,44.66,92.89
2026-06-22 17:11:27,41.43,2.09,2.29,144.17,40.2,93.01
2026-06-22 17:11:29,44.42,1.54,2.22,158.99,46.62,94.09
2026-06-22 17:11:31,40.97,2.01,2.15,156.17,43.97,93.46
2026-06-22 17:11:33,40.64,1.62,2.12,147.05,46.63,92.06
2026-06-22 17:11:35,43.48,1.8,2.16,148.75,45.23,92.06
2026-06-22 17:11:37,42.28,2.06,2.05,150.54,43.08,92.05
2026-06-22 17:11:39,43.22,1.73,2.0,147.61,47.23,95.24
2026-06-22 17:11:41,42.56,2.64,1.96,151.71,45.7,91.27
2026-06-22 17:11:43,39.7,2.01,2.07,146.36,46.53,89.92
2026-06-22 17:11:45,42.15,1.91,2.03,147.22,44.57,92.25
2026-06-22 17:11:47,42.26,1.2,1.98,143.42,45.51,90.99
2026-06-22 17:11:49,43.25,1.76,2.22,147.8,47.88,91.41
2026-06-22 17:11:51,43.52,2.23,2.03,150.63,42.47,89.7
2026-06-22 17:11:53,43.11,2.18,1.96,158.5,45.65,93.09
2026-06-22 17:11:55,42.62,1.9,2.27,145.92,45.99,93.02
2026-06-22 17:11:57,39.99,2.31,2.13,149.39,45.13,88.47
2026-06-22 17:11:59,42.59,1.71,2.18,142.55,42.38,92.96
2026-06-22 17:12:01,40.17,2.32,2.07,151.69,47.21,93.64
2026-06-22 17:12:03,39.81,2.04,2.12,157.94,44.46,89.44
2026-06-22 17:12:05,39.13,1.13,2.02,148.01,45.54,94.16
2026-06-22 17:12:07,44.44,2.13,2.04,151.61,43.14,91.04
2026-06-22 17:12:09,43.77,2.37,2.0,153.69,44.48,92.71
2026-06-22 17:12:11,41.1,2.22,2.16,150.47,48.16,92.52
2026-06-22 17:12:13,42.22,2.05,2.14,154.65,46.5,91.78
2026-06-22 17:12:15,39.51,1.82,1.96,154.5,40.32,93.17
2026-06-22 17:12:18,43.76,1.89,1.87,161.77,41.27,92.07
2026-06-22 17:12:20,40.68,2.16,2.12,148.93,42.25,90.55
2026-06-22 17:12:22,43.49,1.61,2.15,143.77,46.72,91.61
2026-06-22 17:12:24,38.03,2.36,1.96,151.41,45.92,91.16
2026-06-22 17:12:26,42.63,2.05,1.92,153.16,44.73,94.93
2026-06-22 17:12:28,41.32,1.94,2.18,142.69,47.61,90.42
2026-06-22 17:12:30,42.25,2.85,2.22,144.38,42.09,93.04
2026-06-22 17:12:32,41.26,2.01,2.08,155.12,45.36,89.42
2026-06-22 17:12:34,42.38,2.02,2.04,141.87,47.8,91.99
2026-06-22 17:12:36,44.16,2.1,2.18,147.83,44.24,92.45
2026-06-22 17:12:38,40.85,1.71,2.26,145.93,45.76,91.25
2026-06-22 17:12:40,39.92,1.81,2.2,153.78,42.38,91.85
2026-06-22 17:12:42,44.59,2.11,2.13,145.11,42.98,91.99
2026-06-22 17:12:44,40.1,1.87,2.09,145.71,43.59,92.04
2026-06-22 17:12:46,42.49,1.9,2.02,155.35,45.45,90.59
2026-06-22 17:12:48,42.04,2.52,2.04,152.53,42.94,92.7
2026-06-22 17:12:50,42.93,2.15,2.14,152.63,43.92,93.27
2026-06-22 17:12:52,40.58,1.85,2.18,152.6,44.85,91.75
2026-06-22 17:12:54,41.47,2.19,2.04,145.83,44.43,90.01
2026-06-22 17:12:56,40.19,1.76,2.22,152.19,46.7,91.79
2026-06-22 17:12:58,44.39,1.69,2.11,142.82,42.72,93.04
2026-06-22 17:13:00,41.18,2.14,1.92,149.01,45.36,92.51
2026-06-22 17:13:02,40.03,2.6,1.95,158.7,41.65,94.45
2026-06-22 17:13:04,43.87,2.08,2.07,154.27,45.51,91.95
2026-06-22 17:13:06,40.55,2.04,2.06,147.22,46.63,90.99
2026-06-22 17:13:08,42.28,1.67,1.99,142.71,47.05,89.6
2026-06-22 17:13:10,38.83,1.77,2.25,154.8,45.7,92.39
2026-06-22 17:13:12,40.98,2.11,2.12,150.26,43.71,93.79
2026-06-22 17:13:14,37.78,2.01,1.97,148.98,43.72,89.21
2026-06-22 17:13:16,39.83,1.98,1.99,155.33,42.77,89.68
2026-06-22 17:13:18,38.25,2.45,2.13,148.07,44.33,91.89
2026-06-22 17:13:20,42.49,2.33,2.21,150.55,46.33,92.33
2026-06-22 17:13:22,42.21,1.72,2.35,150.55,45.74,91.93
2026-06-22 17:13:24,41.89,1.87,2.16,149.99,45.56,92.55
2026-06-22 17:13:26,44.83,2.59,1.98,156.48,43.86,93.38
2026-06-22 17:13:28,42.99,2.57,2.05,150.23,44.98,91.83
2026-06-22 17:13:30,40.94,2.15,2.16,151.24,42.76,94.11
2026-06-22 17:13:33,41.65,1.69,2.15,152.57,46.32,89.95
2026-06-22 17:13:35,39.24,1.89,2.07,152.88,43.62,91.45
2026-06-22 17:13:37,43.06,2.03,2.01,150.59,44.74,91.29
2026-06-22 17:13:39,41.17,2.29,1.99,154.74,43.86,93.86
2026-06-22 17:13:41,40.52,1.66,2.12,148.97,48.13,91.25
2026-06-22 17:13:43,41.61,1.65,2.02,150.49,47.09,93.93
2026-06-22 17:13:45,42.57,2.1,2.12,148.06,39.38,92.93
2026-06-22 17:13:47,42.94,1.88,2.14,153.59,43.91,91.83
2026-06-22 17:13:49,46.3,1.42,2.16,150.65,47.42,91.33
2026-06-22 17:13:51,42.31,1.91,2.12,154.29,44.52,92.86
2026-06-22 17:13:53,42.37,2.18,2.21,152.7,43.78,93.72
2026-06-22 17:13:55,40.65,2.11,2.08,146.61,46.14,94.74
2026-06-22 17:13:57,40.9,1.7,2.13,147.22,45.9,89.81
2026-06-22 17:13:59,44.51,1.7,2.07,147.03,47.05,90.29
2026-06-22 17:14:01,43.85,1.97,2.09,151.26,48.17,89.96
2026-06-22 17:14:03,39.72,1.8,1.95,148.4,45.98,92.2
2026-06-22 17:14:05,42.66,2.15,2.2,143.97,46.34,94.81
2026-06-22 17:14:07,43.9,1.77,2.07,149.02,46.95,87.62
2026-06-22 17:14:09,39.06,2.1,2.01,146.81,43.78,91.73
2026-06-22 17:14:11,39.23,2.07,2.08,147.32,46.25,94.61
2026-06-22 17:14:13,42.73,2.21,2.08,160.02,46.58,93.17
2026-06-22 17:14:15,42.47,2.43,1.82,142.09,48.38,91.85
2026-06-22 17:14:17,45.0,2.06,1.96,143.75,47.04,91.43
2026-06-22 17:14:19,41.05,2.12,2.09,148.5,46.18,92.65
2026-06-22 17:14:21,43.93,2.25,2.09,147.78,45.83,95.51
2026-06-22 17:14:23,42.85,2.02,2.14,148.38,47.6,91.53
2026-06-22 17:14:25,41.62,2.02,2.08,153.73,44.79,93.07
2026-06-22 17:14:27,43.43,2.54,2.4,149.25,42.9,94.05
2026-06-22 17:14:29,41.61,2.11,2.08,143.12,44.1,92.76
2026-06-22 17:14:31,44.98,2.35,2.17,150.68,44.85,92.43
2026-06-22 17:14:33,45.42,2.42,2.28,146.75,45.94,91.84
2026-06-22 17:14:35,42.6,2.25,2.22,151.36,45.57,92.43
2026-06-22 17:14:37,44.21,1.99,2.04,149.83,42.47,93.78
2026-06-22 17:14:39,44.82,2.19,2.04,157.29,44.94,93.43
2026-06-22 17:14:41,43.36,2.07,2.35,154.88,43.4,91.71
2026-06-22 17:14:43,40.46,2.07,2.16,148.19,42.68,91.49
2026-06-22 17:14:45,41.76,1.98,1.98,157.9,48.76,89.68
2026-06-22 17:14:47,40.7,2.01,2.26,151.01,46.01,95.11
2026-06-22 17:14:49,41.7,2.44,2.1,146.95,41.47,92.87
2026-06-22 17:14:51,44.9,2.41,2.24,148.86,46.9,95.27
2026-06-22 17:14:53,42.25,1.88,2.22,153.46,42.03,91.45
2026-06-22 17:14:55,44.83,1.74,2.09,156.67,46.44,92.88
2026-06-22 17:14:57,40.27,1.91,1.96,146.84,44.63,89.39
2026-06-22 17:14:59,42.88,1.63,2.06,153.49,47.66,90.54
2026-06-22 17:15:01,41.73,2.28,1.97,159.11,49.49,93.35
2026-06-22 17:15:03,40.56,2.1,2.05,148.22,44.79,90.1
2026-06-22 17:15:05,38.53,1.54,1.98,148.45,47.46,90.96
2026-06-22 17:15:07,43.77,2.39,2.27,143.12,43.65,91.42
2026-06-22 17:15:09,43.07,1.92,2.06,158.44,48.02,93.69
2026-06-22 17:15:11,42.23,1.97,2.07,148.91,43.5,95.79
2026-06-22 17:15:13,43.26,2.56,2.18,151.11,45.02,92.01
2026-06-22 17:15:15,42.85,1.51,2.24,150.4,47.9,90.52
2026-06-22 17:15:17,41.58,1.83,1.98,154.75,42.73,94.18
2026-06-22 17:15:19,43.48,2.16,2.01,147.64,44.29,93.81
2026-06-22 17:15:21,39.74,2.45,2.1,151.54,44.08,90.31
2026-06-22 17:15:23,40.39,1.84,2.1,148.39,47.18,89.1
2026-06-22 17:15:25,42.0,2.3,2.08,140.61,45.18,92.82
2026-06-22 17:15:27,41.02,2.57,1.99,158.13,46.07,94.02
2026-06-22 17:15:29,41.52,1.92,2.15,154.64,46.41,90.76
2026-06-22 17:15:31,39.92,1.76,1.86,152.2,47.36,93.96
2026-06-22 17:15:33,41.5,2.12,2.12,147.02,45.13,92.97
2026-06-22 17:15:35,41.98,2.12,2.1,155.23,47.84,90.82
2026-06-22 17:15:37,40.15,2.06,2.01,144.89,46.89,94.01
2026-06-22 17:15:39,43.93,1.34,2.14,143.1,44.88,90.68
2026-06-22 17:15:41,39.78,2.18,2.05,157.29,43.28,93.81
2026-06-22 17:15:43,40.97,2.26,2.04,143.81,47.09,91.31
2026-06-22 17:15:45,41.49,2.56,2.15,164.82,46.11,90.05
2026-06-22 17:15:48,46.24,2.03,1.99,155.33,46.61,93.18
2026-06-22 17:15:50,44.63,1.77,2.07,147.16,45.48,92.58
2026-06-22 17:15:52,40.64,1.89,2.24,149.61,46.67,91.18
2026-06-22 17:15:54,40.89,2.38,2.13,156.99,43.76,91.91
2026-06-22 17:15:56,45.19,1.95,2.05,164.44,48.88,90.72
2026-06-22 17:15:58,40.64,2.25,2.07,156.89,46.13,91.86
2026-06-22 17:16:00,42.71,2.47,2.12,154.97,42.64,91.38
2026-06-22 17:16:02,41.73,1.57,2.11,156.53,45.62,92.26
2026-06-22 17:16:04,42.8,2.42,2.17,151.54,44.61,89.9
2026-06-22 17:16:06,43.42,2.21,2.16,140.77,43.64,92.55
2026-06-22 17:16:08,41.42,1.9,2.09,145.65,48.29,92.35
2026-06-22 17:16:10,41.53,1.84,2.15,144.7,44.45,93.09
2026-06-22 17:16:12,41.13,1.76,2.25,147.15,43.04,91.65
2026-06-22 17:16:14,42.4,2.29,2.05,140.99,44.42,91.85
2026-06-22 17:16:16,40.55,1.62,2.2,150.4,42.84,90.77
2026-06-22 17:16:18,41.82,2.21,2.13,153.5,46.87,91.78
2026-06-22 17:16:20,41.08,1.82,2.13,143.91,44.02,94.88
2026-06-22 17:16:22,38.72,2.22,2.2,148.54,46.59,91.52
2026-06-22 17:16:24,43.22,1.61,2.05,151.03,45.19,93.06
2026-06-22 17:16:26,42.68,1.96,2.14,141.95,43.01,92.53
2026-06-22 17:16:28,43.86,1.98,2.07,153.7,40.81,91.12
2026-06-22 17:16:30,40.71,1.67,2.12,142.05,44.63,92.26
2026-06-22 17:16:32,40.04,1.69,2.13,152.71,47.21,91.97
2026-06-22 17:16:34,46.93,2.07,2.16,149.29,44.23,92.43
2026-06-22 17:16:36,38.25,1.67,2.15,157.28,46.88,92.82
2026-06-22 17:16:38,44.47,2.23,2.22,155.26,43.27,94.21
2026-06-22 17:16:40,41.03,1.73,2.1,156.12,47.24,92.53
2026-06-22 17:16:42,40.22,2.25,2.13,157.2,45.8,90.58
2026-06-22 17:16:44,39.94,1.91,2.02,154.85,47.18,92.53
2026-06-22 17:16:46,43.51,1.61,2.14,143.21,45.54,91.97
2026-06-22 17:16:48,44.83,2.46,2.16,150.35,45.43,94.41
2026-06-22 17:16:50,41.77,2.21,2.13,154.86,51.14,91.86
2026-06-22 17:16:52,41.48,2.43,2.08,148.98,43.11,92.4
2026-06-22 17:16:54,39.88,2.82,2.08,154.91,43.28,93.39
2026-06-22 17:16:56,41.59,1.59,2.13,156.91,42.76,93.2
2026-06-22 17:16:58,41.61,2.18,2.09,150.65,48.21,91.58
2026-06-22 17:17:00,42.07,2.51,2.11,151.85,42.31,91.88
2026-06-22 17:17:02,42.07,1.89,2.13,147.41,45.92,90.44
2026-06-22 17:17:04,41.08,2.34,2.12,156.02,46.11,88.4
2026-06-22 17:17:07,41.72,2.27,2.1,152.95,45.2,91.14
2026-06-22 17:17:09,42.43,1.51,2.08,150.5,43.27,91.11
2026-06-22 17:17:11,41.2,2.05,2.19,149.85,45.65,91.76
2026-06-22 17:17:13,42.24,1.86,1.89,153.4,45.67,89.59
2026-06-22 17:17:15,43.48,1.69,2.06,150.57,43.57,91.55
2026-06-22 17:17:17,39.94,2.06,2.14,147.42,47.29,93.31
2026-06-22 17:17:19,41.52,2.23,2.11,151.21,42.53,89.52
2026-06-22 17:17:21,38.73,1.8,2.19,152.45,50.87,93.51
2026-06-22 17:17:23,40.87,1.63,2.13,142.45,44.89,92.53
2026-06-22 17:17:25,43.67,2.05,2.06,151.92,47.68,93.17
2026-06-22 17:17:27,41.13,1.69,2.05,150.03,44.16,93.2
2026-06-22 17:17:29,45.38,2.13,2.21,157.1,45.63,90.69
2026-06-22 17:17:31,40.12,2.15,2.26,156.54,42.6,90.75
2026-06-22 17:17:33,43.43,2.32,2.15,151.64,45.61,92.58
2026-06-22 17:17:35,45.51,2.0,2.21,143.66,43.38,92.2
2026-06-22 17:17:37,42.76,1.74,2.14,162.63,45.34,90.93
2026-06-22 17:17:39,39.41,2.14,1.86,146.22,43.63,92.18
2026-06-22 17:17:41,39.32,1.69,2.21,143.31,43.3,93.52
2026-06-22 17:17:43,41.32,2.73,2.04,151.76,47.26,92.09
2026-06-22 17:17:45,40.25,1.87,1.93,146.81,48.77,90.89
2026-06-22 17:17:47,37.61,2.28,2.03,155.94,43.3,91.06
2026-06-22 17:17:49,39.62,1.66,2.09,147.39,45.93,92.95
2026-06-22 17:17:51,45.25,2.11,2.24,153.29,45.27,94.38
2026-06-22 17:17:53,43.77,1.56,2.05,148.93,44.46,94.11
2026-06-22 17:17:55,42.85,2.24,2.1,142.28,41.32,91.56
2026-06-22 17:17:57,43.43,2.11,2.08,141.7,44.66,95.97
2026-06-22 17:17:59,42.37,1.73,2.28,152.68,42.75,92.91
2026-06-22 17:18:01,38.51,2.49,2.05,151.6,41.11,89.4
2026-06-22 17:18:03,44.36,1.99,2.15,145.12,44.08,93.05
2026-06-22 17:18:05,41.2,1.9,2.2,144.68,46.35,90.45
2026-06-22 17:18:07,41.72,2.17,2.18,140.42,45.21,92.06
2026-06-22 17:18:09,42.11,2.04,2.0,154.8,44.87,90.88
2026-06-22 17:18:12,40.98,2.37,2.03,154.47,44.07,94.43
2026-06-22 17:18:14,40.23,1.77,2.14,149.38,47.0,92.27
2026-06-22 17:18:16,40.48,2.19,1.96,157.99,44.71,90.25
2026-06-22 17:18:18,45.63,2.07,2.23,145.31,46.47,90.24
2026-06-22 17:18:20,41.06,1.91,2.17,155.94,44.03,92.2
2026-06-22 17:18:22,39.89,1.93,2.03,149.75,47.31,93.75
2026-06-22 17:18:24,41.75,1.9,2.28,149.91,42.99,94.72
2026-06-22 17:18:26,42.1,1.68,2.19,154.09,45.96,91.41
2026-06-22 17:18:28,46.05,1.06,2.16,158.5,42.47,91.16
2026-06-22 17:18:30,43.24,2.3,2.21,148.89,43.2,90.05
2026-06-22 17:18:32,40.36,1.68,2.1,144.29,44.87,92.39
2026-06-22 17:18:34,41.42,1.86,2.08,148.1,47.3,90.86
2026-06-22 17:18:36,42.91,2.15,2.13,157.48,45.94,89.14
2026-06-22 17:18:38,42.84,2.06,1.96,147.22,44.69,90.81
2026-06-22 17:18:40,39.43,2.34,2.23,152.18,43.05,91.33
2026-06-22 17:18:42,41.37,1.56,2.07,149.51,43.82,95.28
2026-06-22 17:18:44,44.42,2.09,1.96,152.19,43.84,89.87
2026-06-22 17:18:46,40.16,2.06,2.29,169.36,45.77,92.27
2026-06-22 17:18:48,42.59,2.15,2.14,149.18,44.28,92.16
2026-06-22 17:18:50,43.76,1.76,2.08,146.87,42.52,93.53
2026-06-22 17:18:52,39.89,2.06,2.26,149.04,45.34,93.13
2026-06-22 17:18:54,43.98,1.91,2.16,152.58,45.76,92.59
2026-06-22 17:18:56,43.25,2.23,2.06,150.75,46.74,93.16
2026-06-22 17:18:58,42.06,2.24,2.15,151.04,44.83,91.32
2026-06-22 17:19:00,43.81,1.99,2.26,151.96,44.17,93.28
2026-06-22 17:19:02,42.87,2.67,2.15,157.81,41.32,91.77
2026-06-22 17:19:04,41.73,1.48,2.12,148.31,45.66,91.21
2026-06-22 17:19:06,44.14,1.96,2.22,149.37,44.43,93.43
2026-06-22 17:19:08,40.25,2.11,2.03,150.05,44.22,92.59
2026-06-22 17:19:10,39.93,2.36,1.96,149.01,43.81,95.08
2026-06-22 17:19:12,38.42,1.47,2.14,143.65,42.82,91.69
2026-06-22 17:19:14,39.41,2.05,2.04,156.34,46.16,94.8
2026-06-22 17:19:16,39.4,2.48,1.98,149.22,45.96,90.53
2026-06-22 17:19:18,41.37,1.77,2.14,145.78,46.3,92.4
2026-06-22 17:19:20,41.15,2.5,2.15,150.07,48.22,93.54
2026-06-22 17:19:22,40.76,1.96,2.1,153.12,43.36,93.94
2026-06-22 17:19:25,38.3,2.19,2.02,149.47,47.6,91.96
2026-06-22 17:19:27,43.49,1.91,2.07,148.98,44.91,91.08
2026-06-22 17:19:29,42.26,1.85,2.17,147.2,47.4,91.31
2026-06-22 17:19:31,39.27,1.9,2.15,149.2,41.71,90.56
2026-06-22 17:19:33,41.85,1.91,2.05,154.57,49.26,90.0
2026-06-22 17:19:35,42.45,2.0,2.09,159.73,46.85,92.88
2026-06-22 17:19:37,42.75,1.77,2.09,145.97,46.81,91.13
2026-06-22 17:19:39,41.73,1.89,2.07,153.31,42.93,93.59
2026-06-22 17:19:41,39.13,1.54,2.15,156.62,45.51,91.36
2026-06-22 17:19:43,38.02,2.22,2.0,141.09,47.34,92.72
2026-06-22 17:19:45,39.28,2.68,2.14,145.92,42.91,93.51
2026-06-22 17:19:47,44.69,1.5,2.16,146.1,41.95,93.51
2026-06-22 17:19:49,42.19,2.1,2.16,152.73,44.11,91.45
2026-06-22 17:19:51,42.49,1.91,2.07,145.75,43.48,90.86
2026-06-22 17:19:53,43.29,2.35,2.11,151.4,42.32,92.62
2026-06-22 17:19:55,39.88,2.21,1.77,152.84,44.23,95.32
2026-06-22 17:19:57,39.28,2.12,2.09,154.6,50.0,93.45
2026-06-22 17:19:59,42.1,2.35,2.06,142.97,44.5,94.33
2026-06-22 17:20:01,39.29,1.97,2.26,155.7,49.05,90.14
2026-06-22 17:20:03,43.8,2.62,2.11,148.13,43.74,89.69
2026-06-22 17:20:05,44.22,2.05,2.1,152.11,43.5,91.4
2026-06-22 17:20:07,42.68,2.37,1.95,144.37,46.18,93.8
2026-06-22 17:20:09,40.98,2.0,2.24,143.89,46.93,92.3
2026-06-22 17:20:11,40.21,2.2,2.03,145.89,42.39,92.76
2026-06-22 17:20:13,45.36,1.98,2.14,153.02,43.26,94.5
2026-06-22 17:20:15,42.74,2.33,2.14,149.53,47.72,92.24
2026-06-22 17:20:17,43.06,2.14,1.95,144.05,42.74,92.52
2026-06-22 17:20:19,42.55,2.05,1.99,145.11,48.48,92.13
2026-06-22 17:20:21,41.41,2.08,1.99,147.82,41.64,89.79
2026-06-22 17:20:23,41.78,2.04,2.2,148.32,47.24,92.28
2026-06-22 17:20:25,41.42,2.91,1.99,148.04,46.52,93.35
2026-06-22 17:20:27,40.39,1.61,2.12,151.07,46.87,91.43
2026-06-22 17:20:29,43.06,2.0,2.01,150.92,44.42,93.65
2026-06-22 17:20:31,44.16,1.93,2.06,147.16,44.23,90.15
2026-06-22 17:20:34,43.64,1.53,1.98,151.21,43.32,90.17
2026-06-22 17:20:36,38.38,2.75,2.0,145.85,42.95,91.79
2026-06-22 17:20:38,42.1,2.37,2.28,153.11,44.31,92.41
2026-06-22 17:20:40,41.6,2.21,2.09,154.95,47.19,93.85
2026-06-22 17:20:42,39.91,2.26,2.12,150.12,43.4,92.42
2026-06-22 17:20:44,40.5,1.89,2.01,145.39,46.67,92.06
2026-06-22 17:20:46,40.42,2.09,2.07,145.12,44.76,90.0
2026-06-22 17:20:48,42.73,2.03,2.14,147.23,48.0,92.25
2026-06-22 17:20:50,42.33,1.72,2.12,150.23,43.89,94.05
2026-06-22 17:20:52,40.44,1.38,1.98,149.47,44.58,93.69
2026-06-22 17:20:54,44.03,1.82,2.07,147.83,46.13,93.79
2026-06-22 17:20:56,39.96,2.14,2.09,146.63,48.08,90.49
2026-06-22 17:20:58,41.12,1.99,2.23,151.86,45.73,89.48
2026-06-22 17:21:00,42.18,2.09,2.0,146.17,47.52,95.61
2026-06-22 17:21:02,41.42,2.69,2.13,148.66,49.74,90.88
2026-06-22 17:21:04,45.3,1.63,2.1,151.43,42.39,91.71
2026-06-22 17:21:06,44.25,2.34,2.28,157.17,45.86,93.27
2026-06-22 17:21:08,42.61,1.88,1.97,154.27,47.84,89.11
2026-06-22 17:21:10,39.04,2.08,2.08,150.82,44.35,93.17
2026-06-22 17:21:12,39.7,1.81,2.13,151.98,45.24,92.92
2026-06-22 17:21:14,40.82,2.06,2.03,151.36,46.84,91.6
2026-06-22 17:21:16,44.5,1.92,2.24,149.14,45.97,91.32
2026-06-22 17:21:18,43.5,1.96,2.01,151.92,42.31,88.99
2026-06-22 17:21:20,40.59,2.26,2.18,148.76,43.37,93.4
2026-06-22 17:21:22,39.76,1.71,1.93,149.38,44.97,93.72
2026-06-22 17:21:24,42.22,2.03,2.37,146.69,42.16,92.83
2026-06-22 17:21:26,46.14,2.16,2.14,152.89,47.77,92.63
2026-06-22 17:21:28,44.4,2.01,2.13,146.48,43.77,91.32
2026-06-22 17:21:30,46.92,1.97,2.12,161.73,45.6,91.37
2026-06-22 17:21:32,41.15,2.42,2.09,145.24,47.93,91.49
2026-06-22 17:21:34,44.48,1.81,2.2,152.83,46.39,92.8
2026-06-22 17:21:36,43.65,2.34,2.07,148.49,42.65,93.14
2026-06-22 17:21:38,39.68,1.9,2.17,142.85,43.76,91.77
2026-06-22 17:21:40,37.58,2.01,2.32,152.28,44.42,89.07
2026-06-22 17:21:42,42.17,2.07,2.09,153.35,47.53,92.95
2026-06-22 17:21:44,40.29,2.02,1.99,152.53,43.72,91.9
2026-06-22 17:21:46,41.09,2.0,2.17,145.82,41.56,92.57
2026-06-22 17:21:48,44.19,2.16,2.08,144.62,45.05,91.96
2026-06-22 17:25:55,40.74,2.7,2.13,150.15,43.01,91.86
2026-06-22 17:25:57,40.49,2.62,2.11,150.93,47.08,90.8
2026-06-22 17:25:59,42.9,2.18,2.08,155.94,44.15,91.48
2026-06-22 17:26:01,42.36,1.52,1.92,148.15,43.28,93.32
2026-06-22 17:28:06,44.17,1.44,2.11,151.53,40.88,90.78
2026-06-22 17:28:08,40.07,2.06,2.14,150.48,44.37,93.45
2026-06-22 17:28:10,39.9,2.25,2.16,149.12,45.66,92.47
2026-06-22 18:04:29,43.61,2.05,2.16,151.85,46.5,92.6
2026-06-22 18:04:31,40.39,2.1,2.19,155.12,44.33,91.73
2026-06-22 18:04:33,39.26,2.05,2.12,150.24,50.65,91.03
2026-06-22 18:04:35,39.95,1.82,2.18,153.17,43.75,89.75
2026-06-22 18:04:37,40.96,2.09,2.1,154.34,45.73,92.47
2026-06-22 18:04:39,40.93,1.93,2.22,151.45,41.0,93.71
2026-06-22 18:04:41,43.61,2.06,2.13,143.96,48.94,96.62
2026-06-22 18:04:43,42.18,1.55,2.25,147.54,49.36,90.6
2026-06-22 18:04:45,41.92,1.78,2.09,153.36,42.95,91.86
2026-06-22 18:04:48,44.5,2.02,2.08,148.43,46.82,92.61
2026-06-22 18:04:50,44.67,1.79,2.12,144.84,48.92,92.18
2026-06-22 18:04:52,39.06,1.63,2.05,147.69,45.87,94.46
2026-06-22 18:04:54,46.35,2.85,2.11,156.39,44.59,89.91
2026-06-22 18:04:56,42.31,2.23,2.1,140.84,46.25,91.84
2026-06-22 18:04:58,39.92,1.68,2.19,152.48,48.23,92.4
2026-06-22 18:05:00,42.65,2.01,2.22,151.68,43.96,91.5
2026-06-22 18:05:02,38.73,2.23,2.15,141.47,48.12,90.42
2026-06-22 18:05:04,40.78,1.85,2.04,151.87,43.72,94.05
2026-06-22 18:05:06,43.3,2.22,1.88,148.42,45.58,92.61
2026-06-22 18:05:08,41.22,2.05,2.09,149.39,45.52,93.6
2026-06-22 18:05:10,43.16,2.13,2.31,140.88,43.78,90.26
2026-06-22 18:05:12,40.37,2.2,2.04,156.08,45.1,91.3
2026-06-22 18:05:14,40.23,2.38,2.1,155.87,46.51,93.82
2026-06-22 18:05:16,38.48,1.77,2.01,147.79,46.11,91.29
2026-06-22 18:05:18,40.08,2.14,2.09,149.87,48.34,93.1
2026-06-22 18:05:20,41.13,1.27,2.02,149.06,45.37,93.03
2026-06-22 18:05:22,40.89,2.13,2.14,155.53,43.65,94.48
2026-06-22 18:05:24,43.62,1.46,2.29,151.66,47.31,91.82
2026-06-22 18:05:26,41.42,2.41,2.06,153.5,45.09,93.4
2026-06-22 18:05:28,43.66,2.23,2.0,152.96,44.47,90.53
2026-06-22 18:05:30,44.63,2.22,1.94,154.6,46.0,92.54
2026-06-22 18:05:32,43.79,1.8,2.36,152.79,42.69,92.57
2026-06-22 18:05:34,41.73,2.34,1.99,150.88,46.03,93.29
2026-06-22 18:05:36,38.48,1.97,2.22,152.96,44.06,90.91
2026-06-22 18:05:38,39.22,1.7,2.01,154.08,46.01,92.92
2026-06-22 18:05:40,41.09,1.82,2.23,146.92,46.17,89.45
2026-06-22 18:05:42,46.76,1.91,1.98,149.19,45.92,92.87
2026-06-22 18:05:44,44.19,1.83,2.08,145.43,44.45,91.1
